time,x,y,z,theta,psi,left,right
0,1,1,-50,0,0,0,0
0.1,1.01749393565766,1.0002710088877,-49.9999843289314,0.010933621078036,0.023822690505027,0,0
0.2,1.06825299498015,1.00163045576572,-50.0006351921736,0.0312769352713,0.080518366930166,0,0
0.3,1.15094098541342,1.006946340534,-50.00327479046,0.053062797123573,0.140798554126961,0,0
0.4,1.26353454442239,1.01988949444263,-50.0092322964941,0.074367329452087,0.185333076101371,0,0
0.5,1.40311242010606,1.04233442548962,-50.0196122458564,0.094977113250394,0.216216218196966,0,0
0.6,1.56480772976542,1.0739954847782,-50.0350781857197,0.114795118840276,0.23922789798891,0,0
0.7,1.73816694212534,1.11237397391369,-50.0552404253082,0.133830521434619,0.26196370090692,0,0
0.8,1.91586816650414,1.15575086333794,-50.0795479985355,0.151261251419312,0.287956681780982,0,0
0.9,2.09561155209745,1.20405126204377,-50.1077034536988,0.167404892226324,0.318603009566094,0,0
1,2.2753586981195,1.25755203705499,-50.1392691221738,0.180967542415221,0.352280388174522,0,0
1.1,2.45452316677292,1.3168807361599,-50.1737939437346,0.189538522002523,0.391305624603326,0,0
1.2,2.63266588062763,1.382920309518,-50.2105129695646,0.192940624474296,0.43439460990837,0,0
1.3,2.81042328741353,1.45708125104855,-50.2487468970668,0.190860663973613,0.479888142268166,0,0
1.4,2.9873547839788,1.54007392915766,-50.2875504480453,0.185875131362869,0.522704116796535,0,0
1.5,3.16283062742012,1.63179351461684,-50.3262249856314,0.180083977947876,0.564193412054033,0,0
1.6,3.33738899550206,1.73258310877768,-50.3645780613507,0.173730254135709,0.603198525627499,0,0
1.7,3.50998974925759,1.84157293125757,-50.4022634592507,0.168147679280733,0.637207389655935,0,0
1.8,3.6803404823205,1.95789310806098,-50.4392082737533,0.162996363284857,0.667273130883591,0,0
1.9,3.84862369060357,2.08087469218326,-50.4754609781704,0.158217069275798,0.692624901958448,0,0
2,4.01490113798295,2.20957861025962,-50.5110881656145,0.15570120316926,0.711910541428911,0,0
2.1,4.1793874228911,2.34285789491313,-50.5463368559833,0.154055580129591,0.726180032664777,0,0
2.2,4.34245861129206,2.47968248488863,-50.5814021245966,0.153407289389204,0.735214959841696,0,0
2.3,4.50505044816499,2.61949547940576,-50.6164957697402,0.152596637263748,0.73962692232003,0,0
2.4,4.66746553119144,2.76130095882607,-50.6516091803617,0.152246596315913,0.740401878472398,0,0
2.5,4.8294947703774,2.90369661356825,-50.6866756740168,0.152766168758477,0.740259201464659,0,0
2.6,4.99163478636536,3.04652222593237,-50.7218769178616,0.153996393869358,0.738515571721758,0,0
2.7,5.15361232966224,3.18899895935616,-50.7571914199422,0.154392929360882,0.737620539553878,0,0
2.8,5.31479524333733,3.33049086451093,-50.7924177315963,0.15446079463479,0.740940551437944,0,0
2.9,5.47607101940441,3.47241824846661,-50.8277000040155,0.153835889213314,0.74682425158601,0,0
3,5.63587520510029,3.61429251722799,-50.8626731123838,0.153173110575022,0.752206428326938,0,0
3.1,5.79441264911263,3.756614564201,-50.8974071630159,0.152764014116734,0.758707078128387,0,0
3.2,5.95163455471757,3.89951246012776,-50.9318671328436,0.151473477695404,0.76697650038392,0,0
3.3,6.1067506563031,4.04269373009107,-50.9658965157393,0.151687524685482,0.775931485207987,0,0
3.4,6.25959187273615,4.18625011912043,-50.9996496455587,0.152413410327623,0.785241614728651,0,0
3.5,6.40985182182928,4.33006757072709,-51.033200256591,0.15338239630008,0.795625705052281,0,0
3.6,6.55761188901007,4.47445943609859,-51.0666528618142,0.154924875301227,0.809161485199223,0,0
3.7,6.70180940642806,4.61890360111311,-51.099934779996,0.156761917735147,0.82363149556624,0,0
3.8,6.84309815262447,4.76452357440158,-51.1332873638337,0.158613719374055,0.83821149367367,0,0
3.9,6.9815424380672,4.91167299346357,-51.1668543614868,0.161776366335079,0.84790156222744,0,0
4,7.11702772558411,5.05936368879,-51.2006668606806,0.16569286204625,0.855488588636195,0,0
4.1,7.24916594189622,5.20629874351587,-51.2346990428781,0.170867984675824,0.862403381782868,0,0
4.2,7.37772870672718,5.35173395694855,-51.2690462764992,0.177227371251338,0.86604842530484,0,0
4.3,7.50402714741115,5.49653937545554,-51.3041880520157,0.185797029798382,0.863252598132216,0,0
4.4,7.62795561254563,5.63921260055213,-51.340215213164,0.195142593826172,0.8565426353398,0,0
4.5,7.75011909590816,5.77914365000693,-51.3772975984502,0.205900305236335,0.846106143341036,0,0
4.6,7.87082417724782,5.9155886813933,-51.4155387847985,0.217847532190049,0.833407270649881,0,0
4.7,7.98948570986969,6.04708387010181,-51.4548172023451,0.231547752656324,0.820339343682208,0,0
4.8,8.10767404537717,6.17508683850226,-51.4957656493991,0.245178468446654,0.807173094440967,0,0
4.9,8.22710209990448,6.3014009518902,-51.5389879109004,0.257245059521629,0.791430695385131,0,0
5,8.34917190233085,6.42705476662952,-51.5847281634212,0.266500005163373,0.777066317088081,0,0
5.1,8.47591654346031,6.55384896451366,-51.6332671695147,0.270508368264947,0.768711780877757,0,0
5.2,8.60682784243155,6.68202061485149,-51.683801761117,0.270575458954896,0.76522783968988,0,0
5.3,8.74010214373299,6.81094743241263,-51.7351714787237,0.269089474884215,0.766231370326846,0,0
5.4,8.87432200475311,6.94033988642636,-51.78661676013,0.266161840321938,0.77001674409164,0,0
5.5,9.00862499601384,7.07032005302386,-51.8376601537696,0.262756304994816,0.778297891706322,0,0
5.6,9.14103740385943,7.19998813307076,-51.8876416936066,0.260940546606107,0.784225212936282,0,0
5.7,9.2722174456387,7.33023670762165,-51.9370919089541,0.261177763816208,0.788761225506479,0,0
5.8,9.40165355122443,7.46029900281783,-51.9860711138641,0.26264675479063,0.791231435196838,0,0
5.9,9.53055047624166,7.59087514267753,-52.0351866904825,0.264480946650469,0.793935019715033,0,0
6,9.6594532455267,7.72238531185887,-52.0846828724135,0.265128500492483,0.795541124464919,0,0
6.1,9.78794635250065,7.85415465856241,-52.1343262104337,0.266604741621292,0.797778481815773,0,0
6.2,9.91608551784784,7.98617656362492,-52.1841596295494,0.267225973454072,0.797978012645929,0,0
6.3,10.0443707654076,8.11872302475767,-52.2342255858021,0.266761485812049,0.799270088276471,0,0
6.4,10.1724243603896,8.25129969038571,-52.2842063217125,0.266036873932817,0.801077450465728,0,0
6.5,10.3001245734949,8.38393406774475,-52.3340238648748,0.265746611975112,0.803983118965514,0,0
6.6,10.4272047279016,8.51652483241046,-52.383651563492,0.266003127454077,0.803530368669778,0,0
6.7,10.5529938547161,8.64811878934333,-52.4328419199351,0.267223021696667,0.798648365987661,5,0
6.8,10.6697156808125,8.7703609230639,-52.4786909487696,0.267078089482338,0.755150646060253,7,0
6.9,10.7719678197083,8.87349538864035,-52.5175461516444,0.249281593118973,0.681310727245885,6,0
7,10.8685110117628,8.96087835425128,-52.5505035803622,0.227530372581395,0.595713426808292,5,0
7.1,10.9677013130986,9.03721318333555,-52.5796398450137,0.2073541197396,0.506927717820722,4,0
7.2,11.0809300227965,9.10863096933358,-52.6080635496026,0.192476751119498,0.424573641745936,3,0
7.3,11.216158531335,9.17787079821255,-52.638041091118,0.188375355255395,0.357904211030584,2,0
7.4,11.3702356377391,9.24306182018937,-52.6699773626247,0.187599309301058,0.308509420512112,2,0
7.5,11.5372260459494,9.30280811458718,-52.7034278693975,0.186162884289188,0.266801824763875,1,0
7.6,11.7101149214841,9.35589512420051,-52.7368405256444,0.171651232435142,0.240865529844973,1,0
7.7,11.8876778280888,9.4038046692179,-52.7687029972307,0.153795595677027,0.223421315276602,1,0
7.8,12.0691537343616,9.44821695919389,-52.798023237129,0.133901603093009,0.207929336603951,1,0
7.9,12.2538453167456,9.48984535108385,-52.8241525567141,0.116267124765617,0.196883907707369,0,0
8,12.4405023444554,9.52903525527058,-52.8474002274366,0.104951137037109,0.194280047036793,0,0
8.1,12.6272632204433,9.56693836830807,-52.8681559771908,0.09366381558952,0.194141294337156,1,0
8.2,12.815009813283,9.60437844475003,-52.8866891251064,0.083435418753003,0.19442191828577,1,0
8.3,13.0040483670156,9.64181163233888,-52.9032483593249,0.07387355501124,0.194670723991239,1,0
8.4,13.1933846851246,9.67920554537111,-52.9179391662102,0.064705638071612,0.195379836715259,0,0
8.5,13.3827939627304,9.7166995373268,-52.9308987278732,0.057244909826441,0.19815751961531,1,0
8.6,13.5724151595906,9.75448845519902,-52.9422842874612,0.049687396019397,0.199405113143725,0,0
8.7,13.7623512511781,9.7926756057154,-52.952284052466,0.043493547371553,0.202714276713567,1,0
8.8,13.9533884685451,9.83162485074212,-52.9607647864428,0.027726917830137,0.192737989437234,1,0
8.9,14.1455403900835,9.87019392810895,-52.9665622171052,0.007603985419799,0.175982909157063,1,0
9,14.3396193668878,9.90681981928048,-52.9688459700507,-0.012099270046223,0.158260562840291,1,0
9.1,14.5341361530214,9.940387280888,-52.967436918374,-0.030113871419255,0.140078353212517,1,0
9.2,14.7270730721192,9.9702485646049,-52.9626853007828,-0.041252540015753,0.129769750348521,1,0
9.3,14.9202691974365,9.99739169340177,-52.9553289954223,-0.051596934485927,0.119549659777983,1,0
9.4,15.1130131855271,10.0222688510005,-52.9459113197449,-0.058970370838279,0.109764869598634,1,0
9.5,15.3046564549861,10.0450964303476,-52.9350176882524,-0.06366833428607,0.100441301283708,1,0
9.6,15.4933677998968,10.0658231966314,-52.9232995126456,-0.066088276888729,0.090361445507485,1,0
9.7,15.6795421703618,10.0845909069561,-52.91121805002,-0.064138076533337,0.081251821011383,1,0
9.8,15.8616581682968,10.1013102678152,-52.8994875179583,-0.059181259231053,0.067752473471559,1,0
9.9,16.0395777700416,10.1156669829947,-52.8888028142204,-0.049128304458544,0.053283629850437,1,0
10,16.2150798189882,10.1275824618861,-52.8797689151101,-0.036003387062923,0.03957652659049,1,0
10.1,16.3880309539191,10.1370364445275,-52.8728846954305,-0.021097148474491,0.026122959570407,1,0
10.2,16.5583079420732,10.1441128689699,-52.8685637958823,-0.002625314153123,0.011199459687309,1,0
10.3,16.728380326721,10.148854874359,-52.8672263095455,0.017312729841566,-0.003301395518132,1,0
10.4,16.8998223758097,10.1511912062685,-52.8691546380696,0.037756278374577,-0.016106575181403,1,0
10.5,17.0740106317064,10.1512747753661,-52.8746275803065,0.057810357085783,-0.026351274480344,1,0
10.6,17.251145421224,10.149352626228,-52.8837472461927,0.078059311661435,-0.037752133281848,1,0
10.7,17.4350935103005,10.1453498847235,-52.8969126530677,0.096938481750134,-0.04580002269765,0,0
10.8,17.624543841203,10.139580534163,-52.9140681996342,0.114636971017149,-0.051296298364773,1,0
10.9,17.8180769945906,10.1323521909195,-52.9351362859633,0.13169861249223,-0.056031609658739,1,0
11,18.0156412591604,10.12387172878,-52.9600834104998,0.146948676259756,-0.058992467746218,1,0
11.1,18.2164879589027,10.1144888254911,-52.9886546313858,0.161556505118267,-0.060724170561351,1,0
11.2,18.4203992443782,10.1045226607997,-53.0207676774742,0.176160307236707,-0.062015120440447,0,0
11.3,18.6257083930576,10.0942703371358,-53.0561002721796,0.189407138939172,-0.061306418762987,1,0
11.4,18.8324347933166,10.0839882110004,-53.0946134715991,0.203282826090552,-0.060268684600305,1,0
11.5,19.0397510341565,10.073871081047,-53.1361764985487,0.216459372696681,-0.058043028864202,1,0
11.6,19.2472744325166,10.0641081812315,-53.1806261588954,0.228144574702475,-0.054653928758283,1,0
11.7,19.456126851728,10.0548548426771,-53.2280705623416,0.24045802159453,-0.051246876345667,1,0
11.8,19.6650343908802,10.0463331878626,-53.2781894386411,0.252103531931259,-0.047227524927932,0,0
11.9,19.8732286670464,10.0387091379344,-53.3307259063647,0.263384632660225,-0.041418053043375,1,0
12,20.0810475332033,10.0320808900633,-53.3857260652789,0.274228301563321,-0.03506823964255,1,0
12.1,20.2888872576051,10.0265828426988,-53.4432369256814,0.285417059478145,-0.028961849617048,1,0
12.2,20.4971140482629,10.0223210176103,-53.5033524945949,0.296140661756074,-0.023024228358174,0,0
12.3,20.7040165630157,10.0194209328156,-53.5654424354745,0.305391184607,-0.01446917376023,1,0
12.4,20.9099784149414,10.0180133219355,-53.6294812906647,0.315148725910231,-0.007236449386426,0,0
12.5,21.1141026534274,10.0182110152329,-53.6950819263946,0.323508602383115,0.002516171399057,1,0
12.6,21.3165265489918,10.0200720827467,-53.7621298607437,0.330724422785334,0.012343399655537,1,0
12.7,21.5179579471225,10.0237240376436,-53.8305756136829,0.337023681139539,0.021679358657782,0,0
12.8,21.7181199277345,10.0292741749485,-53.9000407503679,0.341452551421767,0.033929576128285,1,0
12.9,21.916898764793,10.0368178360649,-53.9702276092712,0.344823271687977,0.045755583835086,1,0
13,22.1148288527617,10.0465149830538,-54.0410226247456,0.347592356096462,0.057172887319281,0,0
13.1,22.3107995664609,10.0583802193217,-54.1117283615034,0.347164477208083,0.071831999406823,1,0
13.2,22.5049564508581,10.0725194819192,-54.1820704856713,0.346877937565727,0.084923587947725,0,0
13.3,22.6968912433122,10.0889821986851,-54.2516719884304,0.345077059581089,0.099724065464364,1,0
13.4,22.8867328528968,10.1077726464804,-54.320390025155,0.342827419998276,0.113918897206215,1,0
13.5,23.0737124600604,10.1288348705774,-54.3877264993259,0.337793388211932,0.129474275612596,1,0
13.6,23.2594011583634,10.1523749686746,-54.4538321653231,0.330471706564509,0.145434401752142,1,0
13.7,23.4446468319989,10.1786064167068,-54.5185096801914,0.319685707751918,0.162189462876872,0,0
13.8,23.6314295393965,10.2080215683578,-54.581786269084,0.306200345802857,0.178954196322273,0,0
13.9,23.8207686913738,10.2408959763062,-54.6435486869046,0.294600719359234,0.194728419610648,0,0
14,24.0118786645373,10.2770876845698,-54.703703569733,0.286005453833798,0.208907143432192,0,0
14.1,24.2027661132288,10.3160062122693,-54.7620609592233,0.279501690106715,0.22138477245646,0,0
14.2,24.3917576103632,10.35698421352,-54.8185576817843,0.275341271293406,0.233397259832342,0,0
14.3,24.5787042060412,10.3997710890205,-54.8736556798023,0.274171900965963,0.244905386730233,0,0
14.4,24.7634557182935,10.4441386651853,-54.927898502673,0.276196098771687,0.255768460607769,0,0
14.5,24.9430600311712,10.4891463607213,-54.9810172985823,0.2804887022984,0.267113239943383,0,0
14.6,25.1185236988802,10.5349833754338,-55.0337557804105,0.286312071419514,0.280795182242661,0,0
14.7,25.2928561106286,10.5826509605109,-55.0872907270184,0.291605616964509,0.295909200546734,0,0
14.8,25.4658839651165,10.6323552241838,-55.1416521483069,0.296745025567575,0.313210183373298,0,0
14.9,25.6377558336125,10.6844928074091,-55.1968823331194,0.300948466906532,0.332783038567362,0,0
15,25.8094965619186,10.7398223681345,-55.2531882383288,0.302140267552082,0.353638121083359,0,0
15.1,25.9816763067105,10.7989164719097,-55.3102904863643,0.299083714924511,0.374948120663365,0,0
15.2,26.1541907108975,10.8620362808777,-55.3674432943499,0.288331083830643,0.394891043274851,0,0
15.3,26.3274836800688,10.929394377531,-55.4234473463269,0.271731271691316,0.41446483190968,0,0
15.4,26.5001009393828,11.0002239521604,-55.4766926472789,0.253622670077204,0.434152292920405,1,0
15.5,26.6707866336052,11.073950046548,-55.5263431480486,0.234906517633512,0.452510893027852,0,0
15.6,26.8393811223015,11.1504635143379,-55.5722395457697,0.217882608051676,0.472078917129311,1,0
15.7,27.006130219047,11.229834080672,-55.6146172349599,0.201371037510235,0.489550553131407,0,0
15.8,27.171388896507,11.3121452059187,-55.6538949728476,0.189888333932163,0.507595380292979,1,0
15.9,27.3337132054487,11.3964695063936,-55.6903195377197,0.181108391452798,0.52355905216013,0,0
16,27.4936345151034,11.4828627681762,-55.7246968564271,0.175159180044939,0.539468076228358,0,0
16.1,27.6516186072879,11.5714802082052,-55.757624659304,0.170313753277473,0.555230341829053,0,0
16.2,27.8087260319743,11.6628886434361,-55.7895791191555,0.16583730359522,0.570381632141621,0,0
16.3,27.9657138773588,11.7574889316795,-55.8208063895095,0.160112962396273,0.584941754531585,0,0
16.4,28.1212795987769,11.854352193385,-55.8508331606057,0.151109628617505,0.599889654263059,0,0
16.5,28.2761024462558,11.9539791301285,-55.8794007198342,0.141685453259665,0.616053096645979,0,0
16.6,28.4304566698817,12.0567617796582,-55.9064234348413,0.132963080351621,0.630669666239884,0,0
16.7,28.5842720573894,12.1626219553273,-55.9318809233871,0.12398479782799,0.646337103670737,0,0
16.8,28.7371969781663,12.2714093987275,-55.9557052425352,0.115583971170156,0.660449117988419,0,0
16.9,28.8898938072373,12.3835378434631,-55.9780612217171,0.107948143330503,0.67390989716301,0,0
17,29.0420188077685,12.4985954544649,-55.9989754972387,0.101183616579453,0.687193159875543,0,0
17.1,29.1929886306693,12.6161037673673,-56.0185439865591,0.09583085062708,0.700058898818633,0,0
17.2,29.3427160160769,12.7359301419267,-56.0369588528143,0.090955264234253,0.712144341356361,0,0
17.3,29.4914189294859,12.8581398937735,-56.0543650590688,0.087162689480329,0.723969416540891,0,0
17.4,29.6385969666082,12.9822097482631,-56.0709332666912,0.085102744557456,0.734683275918259,0,0
17.5,29.7844494665592,13.1081743542694,-56.0869494345479,0.084948817833203,0.74435442887124,0,0
17.6,29.9286827853873,13.2355008761771,-56.1027065202185,0.086059610220578,0.753446221902978,0,0
17.7,30.0722976427242,13.3649767893338,-56.1185821174874,0.08815463070278,0.76003910059888,0,0
17.8,30.2149912054698,13.4958567046176,-56.1347862764205,0.092906558278426,0.7660988394141,0,0
17.9,30.3563713635321,13.6274784769135,-56.151672414027,0.099943195145683,0.770780779053967,0,0
18,30.4962473264128,13.7593665668085,-56.1696407353969,0.108806845216539,0.773653026521583,0,0
18.1,30.635293503733,13.8917435920167,-56.1891067774206,0.118822852069684,0.775788521030454,0,0
18.2,30.7735638543327,14.024365939661,-56.2103204850099,0.129822353782199,0.777902364760085,0,0
18.3,30.9105392548452,14.1565537808486,-56.2333260706521,0.140385742388853,0.779513448656402,0,0
18.4,31.0479644957872,14.2899868688191,-56.2585475800601,0.152528749127634,0.780376364394018,0,0
18.5,31.1852184665071,14.4238206992612,-56.2860148681659,0.164821329611776,0.780997389973329,0,0
18.6,31.3217993165164,14.5575487580448,-56.3157711795679,0.17896596635745,0.779400642815396,0,0
18.7,31.4587753159058,14.6918126148625,-56.3483217564309,0.194508547479083,0.777050653199864,0,0
18.8,31.5959576190798,14.8260798151309,-56.3838598450794,0.211134935496653,0.774473857140002,0,0
18.9,31.7329171979175,14.9597920682324,-56.4224728715533,0.22762380916885,0.772217516079812,0,0
19,31.8705012276028,15.0936963726324,-56.46445170238,0.243394358887015,0.77156572105299,0,0
19.1,32.0073626348777,15.2267374670362,-56.5093286569276,0.258058932993178,0.771891091425281,0,0
19.2,32.1442307273597,15.3598930874739,-56.5572252935715,0.271761112251943,0.773120221149321,0,0
19.3,32.2808658870618,15.4932133355262,-56.6079636150884,0.284841237248512,0.775593504564766,0,0
19.4,32.4170258307646,15.6266608909657,-56.6613624785728,0.297128385273374,0.77920939093766,0,0
19.5,32.5520445445121,15.7599467034603,-56.717054727154,0.308002564466344,0.784091578992657,0,0
19.6,32.6864818686387,15.8938899158248,-56.7750714097294,0.316783700108821,0.792061963219021,0,0
19.7,32.8202112940598,16.0289679631409,-56.8351653370459,0.324169453909403,0.799717283224913,0,0
19.8,32.952600746605,16.1648078160399,-56.8967687942141,0.329469767888576,0.807871785997592,0,0
19.9,33.083262460756,16.3011330393144,-56.959365806359,0.33318808768453,0.816845679471076,0,0
20,33.2121706366617,16.4380507571753,-57.0226105440079,0.334976899040776,0.825864065677053,0,0
20.1,33.3389175543109,16.5752211750333,-57.0859390752472,0.334458804509061,0.834475846577316,0,0
20.2,33.4635102669127,16.7125881600559,-57.1489014473993,0.33180337416734,0.842952120600771,0,0
20.3,33.5875577926622,16.8518820337026,-57.2118802415479,0.326993796434822,0.848899679513106,0,0
20.4,33.7109288191361,16.9925781600693,-57.2742618924808,0.319627178989366,0.854540660158872,0,0
20.5,33.8332294538492,17.1339057482665,-57.3353055713877,0.310671731249633,0.859715641669786,0,0
20.6,33.9554511269406,17.2767779112098,-57.3949882773158,0.298114824188922,0.866736452571283,0,0
20.7,34.0781360606243,17.4219799331682,-57.453085961899,0.285075122628051,0.875710020319485,0,0
20.8,34.200587519179,17.5692064030057,-57.50907149902,0.27049663254353,0.885820003065904,0,0
20.9,34.3217535158468,17.7176264285409,-57.5623375633119,0.257133486955521,0.89647479559495,0,0
21,34.4405613334427,17.8661932214997,-57.6126914008194,0.247505365652367,0.906504277110538,0,0
21.1,34.5581631468341,18.0164320565756,-57.6612147584142,0.241087970946756,0.914306208317243,0,0
21.2,34.6743121645772,18.1675984648171,-57.7083076834283,0.236671004980186,0.919395372733125,0,0
21.3,34.7884277193507,18.3182809997274,-57.7541343623647,0.236651063655726,0.919611593160997,0,0
21.4,34.9006528436177,18.4674968888868,-57.7993316499803,0.241522368985682,0.917482857036742,0,0
21.5,35.0116028621016,18.6150319251156,-57.8447945028989,0.249347855452524,0.912992484833284,0,0
21.6,35.1225157112589,18.7616163314717,-57.8913765588423,0.256375441388568,0.908951745895328,0,0
21.7,35.2333387238962,18.9068874404656,-57.9390955769477,0.263163157360876,0.904081583208488,0,0
21.8,35.3444296783335,19.0511271440094,-57.9880164088436,0.267951985815308,0.901466682402515,0,0
21.9,35.456778739464,19.1958014681562,-58.0383390530107,0.270214605412152,0.900258995787245,0,0
22,35.5704620382835,19.3413907136042,-58.0896910139322,0.268430969556852,0.901385559303124,0,0
22.1,35.6861557167559,19.4893388342057,-58.1418436634552,0.263682015981128,0.901758650529241,0,0
22.2,35.8034566791431,19.6393013095925,-58.1940431853843,0.257664472213879,0.902647246540941,0,0
22.3,35.9216055253858,19.7904207434098,-58.2456613475493,0.251634886721664,0.90437148814012,0,0
22.4,36.0397625895177,19.9418859569649,-58.2962897281045,0.246799111373715,0.902318676620797,0,0
22.5,36.1583632714023,20.0937901374539,-58.3461352398929,0.242618376461749,0.89901659135669,0,0
22.6,36.2779543258917,20.2461836911201,-58.3954277779612,0.23923106660095,0.893951939761964,0,0
22.7,36.3984249164593,20.3984101870504,-58.4440945437927,0.234935129511982,0.888236339712145,0,0
22.8,36.5199339140769,20.5502541804174,-58.4920420837246,0.230810123636514,0.883884146084986,0,0
22.9,36.6428646740178,20.7022729991005,-58.5394518589945,0.227533648183215,0.88007564025747,0,0
23,36.7666338241864,20.8539537439229,-58.5862787721993,0.225047645979698,0.875796332822062,0,0
23.1,36.8914721299777,21.0055660342163,-58.6326923369267,0.221791701893162,0.872160138002069,0,0
23.2,37.0175470461843,21.1574014260667,-58.6787167001202,0.218816892042678,0.868279285233713,0,0
23.3,37.1446346763149,21.3092373166646,-58.7242993213082,0.216104385619191,0.864715376234507,0,0
23.4,37.2724089008164,21.4606892058503,-58.7693465979434,0.21367926684206,0.860957123590779,0,0
23.5,37.4007018072957,21.6115783838036,-58.8139012334349,0.212319119548751,0.857290482001701,0,0
23.6,37.5294484768029,21.7618416105105,-58.8580555843156,0.210953361248541,0.852053481088239,0,0
23.7,37.6593844064614,21.9121121699435,-58.9020877252207,0.210076742185762,0.847829062358148,0,0
23.8,37.7898118774868,22.0615551172807,-58.9458177965909,0.209307751995809,0.843605254680251,0,0
23.9,37.9209226256444,22.210475054252,-58.9893967953046,0.208992236834749,0.840653544211494,0,0
24,38.0524576861193,22.3588125661238,-59.0328075661861,0.20857505643791,0.837303992012437,0,0
24.1,38.1837947070019,22.5059497632946,-59.0759077048719,0.209019974800006,0.834052013099962,0,0
24.2,38.3157839356896,22.6528243608164,-59.1190666831347,0.209929724429281,0.830296839081262,0,0
24.3,38.4482219913404,22.7991395390654,-59.1623130342958,0.211287237502059,0.828430682316139,0,0
24.4,38.5805272808954,22.9444951876978,-59.2056071003987,0.213090230176729,0.827478772164773,0,0
24.5,38.7130419419654,23.0896320536953,-59.2491531162559,0.213812911049166,0.825535771434148,0,0
24.6,38.8457206099331,23.2344777869228,-59.2928340322697,0.214973486366788,0.824202272673064,0,0
24.7,38.9787497345568,23.3792766044751,-59.3367389446974,0.216641177113519,0.823833253683819,0,0
24.8,39.1121289343224,23.5242588830235,-59.380985593147,0.218139997881087,0.822380127527863,0,0
24.9,39.2457363810859,23.6691546119737,-59.4254735835893,0.218872416141809,0.822530516180883,0,0
25,39.3792341676081,23.8137339948632,-59.4700517274022,0.220603596178625,0.827085782105461,0,0
25.1,39.5124244466369,23.9585933848463,-59.5149080482458,0.223105499924967,0.833184662638029,0,0
25.2,39.6447970085232,24.1039352909466,-59.5600935442073,0.22548892689544,0.8391436941512,0,0
25.3,39.7750955798336,24.2486093346136,-59.6053198062189,0.22966907646829,0.846504725147268,0,0
25.4,39.9036137304618,24.3932268127714,-59.6510000106057,0.235797603423799,0.853808877669801,0,0
25.5,40.0301436429859,24.5376540709467,-59.6974347873033,0.243823518826415,0.862089890777122,0,0
25.6,40.1550831400953,24.6825759607251,-59.7451001757456,0.251356149818021,0.869501604183867,0,0
25.7,40.2791511229231,24.8287649832844,-59.7942842181679,0.258463004526367,0.873788266714994,0,0
25.8,40.4027038034297,24.9762113132398,-59.8450687518927,0.266049911851252,0.874359989732845,0,0
25.9,40.5258327383083,25.1240718244332,-59.8973061590892,0.272731418309841,0.874847655453981,0,0
26,40.6480446891261,25.271148744298,-59.9505749817225,0.278757598192796,0.877668281711649,0,0
26.1,40.7696250716086,25.417995642018,-60.0048764548896,0.283406985396463,0.882083851909364,0,0
26.2,40.8905191551744,25.5649841129581,-60.0600217935375,0.285715137458449,0.887182713511854,0,0
26.3,41.009738667881,25.711195391414,-60.1152774515469,0.28741854166027,0.892366872850698,0,0
26.4,41.127734700871,25.857318463484,-60.1706367097979,0.287465453592777,0.898601027469218,0,0
26.5,41.2445824433415,26.003673691093,-60.2258985933805,0.286216552668467,0.904876281500968,0,0
26.6,41.3601922575126,26.1502621720594,-60.2808048200137,0.284844573319058,0.910992727570561,0,0
26.7,41.4738357217705,26.2961178069589,-60.3349178202167,0.283125174220716,0.915206562747179,0,0
26.8,41.5855594767407,26.4410008181206,-60.3881528641398,0.282146759689823,0.919524169592987,0,0
26.9,41.6954988000412,26.5848922740565,-60.4406533655335,0.282559414786843,0.920612227943538,0,0
27,41.8048179532254,26.728794743564,-60.4930319369736,0.283449405530676,0.919262836992126,0,0
27.1,41.9139007369889,26.8723928869913,-60.5454423179739,0.285643798449101,0.917672494001985,0,0
27.2,42.0242469470116,27.0171482677779,-60.5987207922983,0.291025428281436,0.924933237349946,0,6
27.3,42.124065800566,27.1476858967084,-60.6477056937293,0.304052226665382,0.974902236534986,0,10
27.4,42.202706393033,27.2552473854237,-60.6887172603813,0.317785538913383,1.05006850257372,0,9
27.5,42.2608138620926,27.3439093575185,-60.722631522678,0.331749311945695,1.13753432885899,0,8
27.6,42.302984312396,27.4199424845964,-60.7516701147439,0.345936298879304,1.23021173463809,0,7
27.7,42.3334776106725,27.4887389408759,-60.7780099677083,0.360430141688786,1.32267902336466,0,6
27.8,42.3571794570168,27.5622755975608,-60.8065362514513,0.374626994455279,1.4105494322655,0,5
27.9,42.3777553719922,27.6599012953895,-60.8452964118814,0.388266309822664,1.49239223164845,0,3
28,42.3929815586701,27.7845475165498,-60.8961862817437,0.401501100638488,1.56013948337438,0,3
28.1,42.4003696298338,27.9349068889437,-60.9595954466286,0.41449861618188,1.60554396943254,0,2
28.2,42.3995775333499,28.1073697394048,-61.0349291878048,0.426907735159307,1.63696581364506,0,2
28.3,42.3917140587302,28.296769500657,-61.1205184716217,0.438373275160786,1.66929075571781,0,2
28.4,42.377133355706,28.4940351438376,-61.2125454356833,0.447654482094498,1.69777330795089,0,1
28.5,42.3567342832941,28.6908599622114,-61.3067291533428,0.450310405735871,1.71063756455638,0,1
28.6,42.3322699951146,28.8886534230181,-61.4026660376306,0.449931597878496,1.72250715068997,0,1
28.7,42.3047023387098,29.0885843058566,-61.5000931652416,0.448257209841875,1.73641526204764,0,1
28.8,42.2740446141838,29.2908600526465,-61.5986645378459,0.446140838636808,1.75261352718209,0,1
28.9,42.2401870585118,29.494056041326,-61.697541817393,0.444234096311642,1.76673469524944,0,1
29,42.2031801644308,29.6979196052954,-61.796540533333,0.441808971982642,1.782443629144,0,1
29.1,42.1632942043154,29.9004543814602,-61.8946626590175,0.438840951309179,1.79476972048753,0,0
29.2,42.1197871933978,30.1059250276643,-61.9931531274169,0.424562481864454,1.7895284548358,0,1
29.3,42.0749135334278,30.3146888059142,-62.0907354720326,0.413213307151653,1.78618841110942,0,1
29.4,42.0299068343159,30.5250191801179,-62.18627873825,0.402882563370707,1.78295938209578,0,0
29.5,41.9852148018163,30.7371084315596,-62.2797928917179,0.392148980165094,1.77657770592074,0,1
29.6,41.941301250058,30.9502042887839,-62.3710297863626,0.381879134320046,1.76973041230385,0,1
29.7,41.8987602088393,31.1626395846403,-62.4593670687965,0.373441839299456,1.764114447155,0,0
29.8,41.8579098572915,31.3737191657717,-62.5447210993119,0.364564835354749,1.7560040917886,0,1
29.9,41.8183272347557,31.5860979642437,-62.6283406489094,0.357352902241523,1.74846236685771,0,0
30,41.7802967335667,31.7991609505607,-62.7102069625906,0.350782116553847,1.73918344639135,0,1
30.1,41.7439052514319,32.0130183419304,-62.7906481145264,0.346078079947813,1.7306425573354,0,1
30.2,41.7094397703813,32.2264420623679,-62.8695090193564,0.342204996544517,1.72154948680494,0,0
30.3,41.6768109487907,32.4406848912864,-62.9474822601473,0.338347860615587,1.71077581210593,0,1
30.4,41.6462627466015,32.6547094943533,-63.0243893740718,0.33666488163773,1.70152772694905,0,0
30.5,41.6178256527539,32.8686909654586,-63.1005719982778,0.335414328985452,1.69092416987953,0,0
30.6,41.5915176623578,33.0832654627667,-63.1764864351629,0.335075567653091,1.67917934143407,0,1
30.7,41.5673266056087,33.2989795924962,-63.2525659670098,0.335562604085818,1.66862339971896,0,0
30.8,41.5454370196512,33.5150894763523,-63.3286698329656,0.335630603640641,1.65651006685207,0,0
30.9,41.5258663314346,33.732513261906,-63.4051266278744,0.334927963525592,1.64373495831763,0,1
31,41.5086577210733,33.9521802060317,-63.482140274451,0.333661647011831,1.63192553930925,0,0
31.1,41.4940095396608,34.1727476242468,-63.5590609857247,0.331648097419865,1.61764226533752,0,1
31.2,41.4821692700095,34.3924141432757,-63.6352146985415,0.331067137841364,1.60537096759465,0,0
31.3,41.4731892360354,34.6103170878555,-63.7104956307133,0.331623784814971,1.59120148720361,0,1
31.4,41.4671315790624,34.8256662177099,-63.7848471015831,0.331571056448012,1.57695949185835,0,1
31.5,41.4639434229274,35.0384794119011,-63.8582451941985,0.331542609885249,1.56418961511766,0,0
31.6,41.463575539501,35.2498428965804,-63.9310983513674,0.332285366455845,1.5491195158259,0,1
31.7,41.4659647541128,35.4558716997584,-64.0022843028336,0.335235036964605,1.53556517574259,0,1
31.8,41.4709790585069,35.6564311120432,-64.0720983781849,0.339551363065733,1.52231177638521,0,0
31.9,41.4784315357803,35.850766375979,-64.1405248239292,0.344530628705848,1.50777910553344,0,1
32,41.4882374274145,36.0402297648095,-64.2082705865162,0.351201616313245,1.49378810437154,0,1
32.1,41.5002748085326,36.2251013718424,-64.2756813628791,0.358763885516051,1.47994672027316,0,1
32.2,41.5146528995444,36.4080833888053,-64.3439334134338,0.366606894960316,1.46605311548314,0,1
32.3,41.5311941186562,36.5879141820827,-64.4126012397571,0.37415850873274,1.45273806590214,0,0
32.4,41.5500300515904,36.7662840129779,-64.4822774167744,0.380751683157649,1.43767124901539,0,1
32.5,41.5712247171464,36.9435448663801,-64.5530065010625,0.386897955556825,1.42413966351928,0,0
32.6,41.5951088632775,37.1222422193491,-64.6256576525317,0.390705398799459,1.40806027031518,0,1
32.7,41.6215696649415,37.3009575315955,-64.699414163831,0.394724758398009,1.39441434714067,0,0
32.8,41.6507637959086,37.4803512811435,-64.7743691490859,0.395657967626472,1.37821880666132,0,1
32.9,41.6824438097574,37.6587234288365,-64.8494703162712,0.396028129342073,1.36441162510741,0,0
33,41.7170727585746,37.8383030634958,-64.9253485430711,0.394100179888686,1.34840263828273,0,1
33.1,41.7544563445518,38.0179235888824,-65.0012300372279,0.392319331587733,1.33426105676083,0,0
33.2,41.7946509090194,38.1977979677599,-65.0770719677867,0.389284620818586,1.31845273823103,0,0
33.3,41.8375709135078,38.3771824988709,-65.1523124700485,0.383596484029369,1.30324795983975,0,1
33.4,41.8835188482085,38.5572884442315,-65.2271244149805,0.377959420632441,1.28877783901595,0,0
33.5,41.9324999389806,38.738064020498,-65.3013027571417,0.371554085145311,1.27416746409436,0,0
33.6,41.9840725788418,38.9179087324999,-65.3740889466564,0.365058013846095,1.25884822423106,0,0
33.7,42.038253196102,39.0967808638529,-65.445398872358,0.357542194250039,1.24370292989859,0,1
33.8,42.0950176285455,39.2746123063381,-65.5152199174781,0.352670255164581,1.22868464280708,0,0
33.9,42.1546818356601,39.4522731433592,-65.5841221073013,0.347201048851153,1.21349229857638,0,0
34,42.2168407074938,39.6284935524089,-65.651670013103,0.341986993617215,1.19884655622072,0,0
34.1,42.2819907754243,39.8045802996117,-65.7183751530409,0.33570275517199,1.18344773457236,0,0
34.2,42.3501360288904,39.9805063149735,-65.7842052745663,0.330121430217232,1.16809823408867,0,1
34.3,42.4213212246385,40.1562466929581,-65.849162550324,0.323673303361014,1.15284719796657,0,1
34.4,42.4953689171846,40.3313246508188,-65.9130048970325,0.31724164812031,1.13835049629119,0,0
34.5,42.5723823212989,40.5059191191829,-65.9757391354722,0.310537904302022,1.12289527929107,0,0
34.6,42.6527529272098,40.6808387737935,-66.0377033443197,0.305327670782882,1.10769130930561,0,0
34.7,42.7357254706472,40.854273848904,-66.0984378750867,0.300512928512586,1.09179504031659,0,0
34.8,42.8216916641056,41.0268997672069,-66.1583780760727,0.297618363833767,1.07612101316688,0,0
34.9,42.9104046871168,41.1980935656521,-66.2176021651132,0.295422422744097,1.05953905560717,0,0
35,43.0012620872267,41.3666940414271,-66.2759683989711,0.294548052268665,1.04313346147848,0,0
35.1,43.0948157584747,41.5335282468773,-66.3340273983845,0.294556760191626,1.0264357017686,0,0
35.2,43.1912675886639,41.6989096909624,-66.3921267986287,0.295875443805073,1.00896913970498,0,0
35.3,43.2895911922582,41.8610985583334,-66.449872868569,0.297348462298339,0.992048792457608,0,0
35.4,43.3898922995976,42.0202028576216,-66.5074440487579,0.299547527751811,0.975334130510158,0,0
35.5,43.4922046455456,42.1764188514681,-66.5649943459159,0.300977685912774,0.957354748763621,0,1
35.6,43.5974151053199,42.3309714092424,-66.6229512576241,0.301484603557631,0.941333865292848,0,0
35.7,43.7061718384757,42.4849901913944,-66.6815162415666,0.300163412185494,0.924256595098684,0,0
35.8,43.8174398694502,42.6370406687795,-66.7399303321043,0.299431913759339,0.907526938046039,0,0
35.9,43.9314447128374,42.787235335742,-66.7982532320116,0.297846345088699,0.893019109674674,0,0
36,44.0480244473341,42.9358055980689,-66.8562890746921,0.293272974003945,0.88079782468243,0,0
36.1,44.16685000904,43.0829958484187,-66.9136752210213,0.288282477147815,0.868991092820538,0,0
36.2,44.2871303154832,43.2281546417963,-66.9698906843825,0.282254077061972,0.858437042377838,0,0
36.3,44.409186405332,43.3719994456817,-67.0250072803469,0.276331796376889,0.849403372950679,0,0
36.4,44.5340332275555,43.5160642903654,-67.0794573092007,0.269568913768267,0.842310964178575,0,0
36.5,44.6616172324052,43.6606837136838,-67.1331493148334,0.261379709861329,0.838145284943061,0,0
36.6,44.7921730814347,43.8068507124755,-67.1860206423753,0.251307507374917,0.833150863210848,0,0
36.7,44.9255296373879,43.9545238300631,-67.2377155777729,0.242015756675596,0.828679936539361,0,0
36.8,45.0607889331288,44.102857415979,-67.2878279868103,0.232161263600109,0.82487016136836,0,0
36.9,45.1977524423021,44.2517188378583,-67.3363039019357,0.224221667676905,0.821120530075372,0,0
37,45.3359679448302,44.4007711987125,-67.3832338114771,0.217801890187975,0.816424601257079,0,0
37.1,45.4756908630832,44.5500510578211,-67.4289551860532,0.213147661169019,0.813374119044315,0,0
37.2,45.6147657489258,44.6975565649113,-67.4730820274884,0.20785812146618,0.809204888788242,0,0
37.3,45.7531552757676,44.8432147530782,-67.5156921117274,0.203821339108512,0.804022645750612,0,0
37.4,45.8910892385436,44.9870247662483,-67.5570132594727,0.200878420978394,0.800063446433655,0,0
37.5,46.0282522025523,45.1287140507408,-67.5971997944617,0.199259823205908,0.796590657476766,0,0
37.6,46.1641213309678,45.2680246450632,-67.6364426649697,0.20025180798782,0.79132387554464,0,0
37.7,46.2987350408944,45.4048188877215,-67.6751348693366,0.202590438853171,0.785775614244023,0,0
37.8,46.4330569616923,45.5399189897648,-67.7138089544558,0.205476524397737,0.779643118029804,0,0
37.9,46.5683183761853,45.6743795807416,-67.7529387662696,0.20797101854196,0.775296156343932,0,0
38,46.7046223921812,45.8084532555401,-67.7926172356093,0.210492461242281,0.77322482151076,0,0
38.1,46.8414510139148,45.9421133065882,-67.8327433939295,0.212850474969271,0.77229105451812,0,0
38.2,46.9790529867415,46.0760367836453,-67.8734580922552,0.215928439027008,0.772256484293608,0,0
38.3,47.1171748211416,46.210229271324,-67.9148163234831,0.219208551501397,0.772395559623767,0,0
38.4,47.256301744886,46.3453712570845,-67.9570396718135,0.222246986890222,0.772733578377359,0,0
38.5,47.395896084448,46.4809962227876,-67.9999693829672,0.224780063905173,0.77256736648962,0,0
38.6,47.5366602868613,46.6178025780162,-68.043767806043,0.227326955985009,0.774037701684467,0,0
38.7,47.6778791355852,46.7552475892928,-68.0882052142834,0.229669063684366,0.775368094463616,0,0
38.8,47.8194128184759,46.8933159744475,-68.1332799195513,0.232669345205899,0.777046458070173,0,0
38.9,47.9608695183023,47.0317302071986,-68.1788838722412,0.23479677252404,0.777720300894204,0,0
39,48.1030160075063,47.171181873369,-68.2252290887326,0.237402902882218,0.776405385436309,0,0
39.1,48.2457518041277,47.3111221827286,-68.2722520299171,0.240283445881618,0.777773239140859,0,0
39.2,48.388640719363,47.4513268796476,-68.3198811288526,0.242793276913858,0.777249569115354,0,0
39.3,48.5310171010755,47.5911138848621,-68.3678195397028,0.244202958843694,0.776300111878976,0,0
39.4,48.6726681485505,47.7299887863168,-68.4157971345661,0.245461371123997,0.776963494424213,0,0
39.5,48.8140614233084,47.8686291741846,-68.4639892852307,0.247376581651459,0.773633207122625,0,0
39.6,48.955198083991,48.0065860307771,-68.5124050136335,0.250319780493561,0.77108093553675,0,0
39.7,49.0963442207102,48.1438302270034,-68.5612220837221,0.253166120391822,0.769038371304805,0,0
39.8,49.2377976067125,48.2807188917397,-68.6105960824596,0.255825008400082,0.767321044827643,0,0
39.9,49.3798199929623,48.4175814762017,-68.6606038423655,0.257573732846256,0.765168061363844,0,0
40,49.5219069634441,48.5539334591492,-68.7109173856553,0.258362829750487,0.762751272283488,0,0
40.1,49.6644796103961,48.6900287095152,-68.7615146269602,0.258243163303654,0.762367446643682,0,0
40.2,49.8070688377674,48.8257584159098,-68.8120804871655,0.256797270298746,0.760457107250775,0,0
40.3,49.95013447262,48.9614715902463,-68.8624987620552,0.253589219422286,0.76082626267643,0,0
40.4,50.0931517446103,49.0968660962794,-68.9123264260091,0.249605511259383,0.761564012651735,0,0
40.5,50.2361859035373,49.2322974284431,-68.9614873173239,0.246173983925048,0.762645670680291,0,0
40.6,50.3783292024355,49.3670212892786,-69.0096987476113,0.242728953115341,0.76487085048476,0,0
40.7,50.5199406189769,49.5015297171712,-69.0570976352496,0.23910545852889,0.767351466847269,0,0
40.8,50.6606421165895,49.635667853251,-69.1036138383699,0.235827563020855,0.770198689015299,0,0
40.9,50.799361090744,49.7684885777259,-69.1489463562015,0.232701521556898,0.774204268802735,0,0
41,50.9358278613964,49.8999616307527,-69.1931008438731,0.229670544436094,0.776926046421039,0,0
41.1,51.070497161872,50.0304142713558,-69.2362919911494,0.228162386134912,0.778602792795951,0,0
41.2,51.2039745374815,50.1602023409787,-69.2788788880164,0.227134187851602,0.777966450072492,0,0
41.3,51.3364999280907,50.2891620542224,-69.3210073492091,0.226183585401821,0.778156537414519,0,0
41.4,51.4686283879221,50.417699389012,-69.3628995388576,0.225404123381753,0.777997883074642,0,0
41.5,51.6007638991528,50.5462037339614,-69.4046769570958,0.223095816692946,0.776501417761215,0,0
41.6,51.7328453621441,50.6743885866754,-69.4460951677786,0.219831658543972,0.773755809317781,0,0
41.7,51.8658215709175,50.8028734910858,-69.4872676464698,0.216280621601249,0.77136028760812,0,0
41.8,52.0012073828473,50.9330182949266,-69.5285401844708,0.212697009407974,0.769505701633705,0,0
41.9,52.1381841996069,51.0640885512298,-69.5695829273904,0.208414745043832,0.769105131277642,0,0
42,52.2765392991139,51.1960910148263,-69.6102994099172,0.204571836745171,0.77024242043458,0,0
42.1,52.4163283371603,51.3294366190719,-69.6507022610257,0.198950718527133,0.772797543386578,0,0
42.2,52.5579192760974,51.4648495335873,-69.6907442523103,0.193922617394422,0.77889517608894,0,0
42.3,52.7002370227519,51.602062530112,-69.7303084845372,0.191832222425151,0.785609793315691,0,0
42.4,52.8414671132184,51.7398090370572,-69.7694485493992,0.194131634159811,0.791377128615196,0,0
42.5,52.9800567850519,51.876557991427,-69.8084495895651,0.199565939791883,0.795812421490803,0,0
42.6,53.1158661793987,52.0118914889897,-69.8477707380595,0.20482776072493,0.802688268388034,0,0
42.7,53.2489763242751,52.1460748085601,-69.8874774858637,0.206710919435315,0.809644836963553,0,0
42.8,53.3797536133389,52.2796960088204,-69.9273416524534,0.207106601270203,0.814391033274452,0,0
42.9,53.5100599774571,52.4144422409305,-69.9675568984075,0.205767719664717,0.818097191827585,0,0
43,53.6408578146186,52.5510122977403,-70.0081093359782,0.204591006105051,0.821074036584303,0,0
43.1,53.7715478372427,52.6885384323507,-70.0486522549313,0.202187710200284,0.821881244692603,0,0
43.2,53.9031418283085,52.8277354726878,-70.0892388707157,0.199486541136936,0.822882862555995,0,0
43.3,54.0354000191627,52.968059674826,-70.1296691454223,0.197409614401243,0.824262629764178,0,0
43.4,54.1682962981713,53.109528458561,-70.170018362649,0.196336550993489,0.828046597527485,0,0
43.5,54.3011359464073,53.2517988643167,-70.2102188038306,0.194239156014911,0.829867807105247,0,0
43.6,54.435317672635,53.3964299338994,-70.2506238187634,0.192823466330726,0.828865404042205,0,0
43.7,54.5712026295366,53.543265046663,-70.2913135598831,0.191876503315854,0.82670820432342,0,0
43.8,54.708940596242,53.6919290402044,-70.3323247317103,0.190835014968624,0.825179874602743,0,0
43.9,54.8482774006202,53.8420992840015,-70.3735288373476,0.189064820104399,0.821486440316359,0,0
44,54.9893533751862,53.9936124751273,-70.4148637551214,0.187765425354319,0.815147733152146,0,0
44.1,55.1314890540216,54.1450261533691,-70.4559829365051,0.185229617752063,0.809686448045945,0,0
44.2,55.2746801805306,54.2961385398118,-70.496742122781,0.183276580610226,0.803759769865953,0,0
44.3,55.4188719597339,54.4468348739758,-70.537139533681,0.181180178370431,0.796863988651799,0,0
44.4,55.5627902630898,54.5956048108691,-70.5767862411484,0.178981801749238,0.789728380990418,0,0
44.5,55.7061293794414,54.7420060892624,-70.6155948038372,0.177708328642881,0.781434075656928,0,0
44.6,55.848417993697,54.8854114027916,-70.6535631902734,0.177071816008289,0.772864547654672,0,0
44.7,55.9903006808713,55.0262742228132,-70.6909302205238,0.176051203159468,0.765979320675111,0,0
44.8,56.1321930921436,55.1652627262219,-70.7277970969054,0.174923402821022,0.758876924859918,0,0
44.9,56.2742125140144,55.3026153880875,-70.7642363682144,0.174495339793259,0.75252528479918,0,0
45,56.4167697180931,55.4388807046676,-70.8004595734012,0.174714011296639,0.746061131414026,0,0
45.1,56.560299991739,55.574493491708,-70.8366593828363,0.175550714575078,0.741063595885434,0,0
45.2,56.7046710459653,55.7095726607493,-70.8730089755108,0.177671291401259,0.737427172347108,0,0
45.3,56.8495092283183,55.8440760886544,-70.9096131559203,0.179226209750516,0.735269560161786,0,0
45.4,56.9948925455575,55.9784364819269,-70.9465106719236,0.180777140477358,0.733761060209361,0,0
45.5,57.1408040573542,56.1129543779591,-70.9837535355421,0.182903327829195,0.732268030096319,0,0
45.6,57.2874713400247,56.2478917887469,-71.0215015061187,0.18577224679309,0.730711752407948,0,0
45.7,57.4352096058593,56.3835519000949,-71.0599494294308,0.188533826509655,0.730181667493905,0,0
45.8,57.5842820022126,56.520296585177,-71.0992084810426,0.191717379049278,0.730969566613001,0,0
45.9,57.7339364554408,56.6577723091751,-71.1392352931219,0.196015279757074,0.730558752201514,0,0
46,57.8839343378915,56.7956935615452,-71.1800755253757,0.199784671185801,0.73013650686641,0,0
46.1,58.0345207694858,56.9341743816919,-71.2218480892016,0.205259008830148,0.730670800987089,0,0
46.2,58.1855712045298,57.0732150028837,-71.2647631674006,0.211099302914423,0.732470119033545,0,0
46.3,58.3365857343576,57.2125680421854,-71.3088389405761,0.21794225335464,0.738611671023644,0,0
46.4,58.4877298244312,57.3532278773344,-71.3544991787511,0.226982959318081,0.742619259113501,0,0
46.5,58.6378690122592,57.4943399052174,-71.4018450727322,0.238363594775786,0.745127519552944,0,0
46.6,58.7865307109465,57.6350876813105,-71.4510750228819,0.250058780768053,0.745595501916591,0,0
46.7,58.9345719113715,57.7757938136036,-71.5025385729344,0.261126749621793,0.744540124560881,0,0
46.8,59.081989583286,57.9159528075746,-71.5560807049912,0.270905694044317,0.743175614693778,0,0
46.9,59.2288720641235,58.0553960657283,-71.6115035190019,0.280043799105108,0.742185061698557,0,0
47,59.3750998713681,58.1939522954905,-71.6685584137819,0.288056243357296,0.739407156823704,0,0
47.1,59.520171236698,58.3309226641956,-71.7268032441256,0.295592613345018,0.735066121566873,0,0
47.2,59.6646432027117,58.4663783524622,-71.7861565271991,0.300605187838121,0.730535827574817,0,0
47.3,59.8100598719952,58.601523210498,-71.8467450735901,0.301813849921874,0.725350864088189,0,0
47.4,59.956668753213,58.7363465450059,-71.9078437590878,0.297502869029334,0.720976513362458,0,0
47.5,60.1044239670888,58.8708447624322,-71.9684359714465,0.28833771540511,0.717379906801612,0,0
47.6,60.253178077663,59.0050121107685,-72.0275906948419,0.278165800773001,0.716250651332105,0,0
47.7,60.4017120493207,59.1381636602733,-72.0844463790073,0.26706763266853,0.716484041821755,0,0
47.8,60.5500842683594,59.2708320948614,-72.1389022541307,0.256600704053813,0.715586881121992,0,0
47.9,60.6987934501385,59.4034464515182,-72.191209303743,0.246975598500334,0.716616456786411,0,0
48,60.846564763321,59.5350540744163,-72.2410702032375,0.238220328829319,0.719400414793284,0,0
48.1,60.9937145172746,59.6663781017098,-72.2889480907194,0.234882590053541,0.720384481512135,2,0
48.2,61.1424831619242,59.7996584235628,-72.3368878415285,0.24664669318884,0.693018475667383,3,0
48.3,61.2898062194117,59.9281723332526,-72.3853368769928,0.26327090224079,0.641974110408094,2,0
48.4,61.4379216383191,60.0477801271469,-72.4351186707093,0.276936632150502,0.594624219528169,2,0
48.5,61.5880151564818,60.1577911651749,-72.4863847553644,0.287760224448546,0.553382076304408,2,0
48.6,61.7398393286656,60.2591009137957,-72.5388468161903,0.29386143283413,0.514040088747068,1,0
48.7,61.8917424293203,60.3516254853584,-72.5910706454428,0.286352344150721,0.487976847458933,2,0
48.8,62.0490937059843,60.4401864510356,-72.6434358311047,0.273995279769204,0.458655119740729,1,0
48.9,62.2108837386183,60.5249033607935,-72.6943317018183,0.254092524271991,0.430019744113311,2,0
49,62.3777722519025,60.6059168222116,-72.7425817682588,0.229890538137457,0.403102987780421,1,0
49.1,62.5517985211601,60.6842197135482,-72.787694693307,0.203039713548202,0.378388981582322,1,0
49.2,62.7293575866519,60.7585136904626,-72.8281221227235,0.175311585585069,0.357621407285521,1,0
49.3,62.9103290069577,60.8292004401205,-72.8635177093276,0.147447205588789,0.336791642715334,1,0
49.4,63.0957158782952,60.8969028251159,-72.8939197243994,0.119869663752504,0.314923329257005,1,0
49.5,63.2835320546733,60.9607666282934,-72.9189808694126,0.092686826681224,0.29386249176099,1,0
49.6,63.4724470695835,61.0203743112418,-72.9386140600513,0.066032931288489,0.27264122844957,1,0
49.7,63.6619395354022,61.0755920363529,-72.9529050216793,0.039760149184018,0.252632341557759,1,0
49.8,63.8502186820635,61.126001938626,-72.9624139022536,0.03417003841256,0.253693257616163,0,0
49.9,64.0361831990066,61.1734607330144,-72.9698275512047,0.029009724181688,0.255491619429873,0,0
50,64.2209460573818,61.2204093267568,-72.9759460931801,0.023871172282919,0.259014845248544,0,0
50.1,64.4035584518794,61.2669809799129,-72.9809635054697,0.019597585561867,0.263043107335542,0,0
50.2,64.5868505167629,61.3141911805761,-72.9850801775299,0.014598639128223,0.268027753157632,1,0
50.3,64.7701413573526,61.3619981895984,-72.9880739653107,0.005768231484196,0.271308361309966,0,0
50.4,64.9536681516262,61.4104960286338,-72.9896722617979,-0.001307699989147,0.276360167826427,1,0
50.5,65.1358197874467,61.4593034016896,-72.989897412645,-0.008957137590066,0.280669328902313,0,0
50.6,65.3167911963409,61.5085866942822,-72.988830356537,-0.015804912634975,0.286479279235708,1,0
50.7,65.4968525966268,61.5585412599557,-72.9864295855974,-0.02377068144416,0.291345000457491,0,0
50.8,65.6767906330293,61.6094327768368,-72.982740436857,-0.028457897944791,0.298638350406457,1,0
50.9,65.8570977478014,61.6615513311701,-72.9779398549466,-0.033820762538302,0.30467718451574,0,0
51,66.0376073138743,61.71497165672,-72.9722792919898,-0.036183142054229,0.313154437522371,1,0
51.1,66.2200790213638,61.7705814657553,-72.9656407002363,-0.049287650880221,0.30285130767091,6,0
51.2,66.3959851175095,61.8245282939514,-72.9571650599005,-0.071226133896048,0.247996132956335,8,0
51.3,66.5566963652638,61.8687371246258,-72.9465112270001,-0.094759091603408,0.167876153600191,7,0
51.4,66.7096841279218,61.9004853655092,-72.9331393759295,-0.11706535055657,0.077890571902235,6,0
51.5,66.8660760933348,61.9191046751902,-72.9160635651029,-0.137383659501962,-0.014855745954748,4,0
51.6,67.0365422402201,61.9232990075498,-72.8938155032819,-0.156807581117914,-0.09790453384901,3,0
51.7,67.2222558155924,61.9117730177614,-72.8656774853488,-0.176151971941,-0.160346174626783,2,0
51.8,67.4195440277172,61.8856857452833,-72.8315987038149,-0.195020596151993,-0.203794298385499,1,0
51.9,67.6185277271921,61.8490337324913,-72.7930347240672,-0.214476742997018,-0.227245875606812,1,0
52,67.8143290249933,61.8060457051063,-72.7508415875871,-0.233966702389122,-0.243623243753547,1,0
52.1,68.0041194729965,61.7598487744018,-72.706217696017,-0.236701779401079,-0.241736999124365,1,0
52.2,68.1931202090884,61.7118623856599,-72.6600259266549,-0.243687127795606,-0.244272563228823,0,0
52.3,68.3789680821966,61.6642153172916,-72.6135041149118,-0.244728543210684,-0.240970155371983,0,0
52.4,68.5632659228179,61.6171981559527,-72.5668333194404,-0.244672801718138,-0.237472591738161,0,0
52.5,68.7481216805865,61.5705902850581,-72.5198915847215,-0.241868655564763,-0.23222429576772,1,0
52.6,68.9329492484232,61.5247345556336,-72.4732209988168,-0.238764509560113,-0.227716740718198,1,0
52.7,69.1179234842619,61.4797652933414,-72.4270702233182,-0.235597370700195,-0.223172085843899,0,0
52.8,69.3019086364731,61.4360588640037,-72.3819127383796,-0.230047698716896,-0.215548823011035,1,0
52.9,69.4871258065067,61.3932908367795,-72.3373559056313,-0.225769354713439,-0.208984545530494,1,0
53,69.6721742470926,61.3519566919102,-72.293830053241,-0.220895516851349,-0.201958753249836,0,0
53.1,69.8560566201751,61.312364683206,-72.2516897385961,-0.213595204411953,-0.192224614177673,1,0
53.2,70.0395752251314,61.2744614902827,-72.2108776305671,-0.207492086706242,-0.184176914859307,0,0
53.3,70.2219505967458,61.2385029889505,-72.1716484899516,-0.19956105181245,-0.174229247541644,1,0
53.4,70.4041039419039,61.2043460383511,-72.1339383495882,-0.191427931096367,-0.164730955137043,1,0
53.5,70.5866892649494,61.1719909403153,-72.0977470922688,-0.1825102487973,-0.154824052107102,1,0
53.6,70.7690794920741,61.141541312225,-72.0633096694852,-0.173407195981309,-0.144145748969209,1,0
53.7,70.9516159874273,61.1130775512352,-72.0306048247435,-0.164198366864367,-0.133031192511685,0,0
53.8,71.1337729139155,61.0867081877878,-71.9997496187691,-0.154580083838836,-0.12090785842328,1,0
53.9,71.3150293627338,61.0626299302931,-71.9708436212379,-0.145610718233054,-0.110270163405153,0,0
54,71.4958121786524,61.0407921637018,-71.9438413774212,-0.134949934194076,-0.096388856963544,1,0
54.1,71.6766886503351,61.0211877887762,-71.9186838818697,-0.125324839651732,-0.084090358202847,0,0
54.2,71.8586892355644,61.0038419865286,-71.8952416001169,-0.115666538140912,-0.071407756893178,0,0
54.3,72.0409233236797,60.9888071065888,-71.8736114672554,-0.105754607503977,-0.056961576115496,1,0
54.4,72.2228433854765,60.9762588939296,-71.8537946653772,-0.097295849872196,-0.044561869982585,0,0
54.5,72.4041852833374,60.9661976209251,-71.8357757161924,-0.087179827611017,-0.029063102998073,1,0
54.6,72.5864192723872,60.9586199704065,-71.8193974921012,-0.078744538774869,-0.016080427815663,0,0
54.7,72.7698878311838,60.9535722062897,-71.8046349294292,-0.068862547631812,-0.000178066536726,1,0
54.8,72.9550540654256,60.9511447554356,-71.7914470243688,-0.060855231613908,0.013830182395116,0,0
54.9,73.1407291529825,60.9514162552841,-71.7798713966687,-0.051379580285162,0.030896313087008,1,0
55,73.3272457266188,60.9545143608002,-71.7698889467677,-0.043576667173896,0.045646578326205,0,0
55.1,73.513480176161,60.9604970785712,-71.761513108691,-0.035366517028303,0.06180865714607,0,0
55.2,73.7011526890688,60.969492118168,-71.7546579691775,-0.026753308947243,0.079598868500813,1,0
55.3,73.8895903612015,60.981604505566,-71.7492982193766,-0.019906076535254,0.095809836653617,0,0
55.4,74.0778342382685,60.9968453798556,-71.7454051693496,-0.011896413988322,0.114838747142997,1,0
55.5,74.2673486973221,61.0155044549785,-71.742879127191,-0.006483285876475,0.131702427409961,0,0
55.6,74.4580859966476,61.0377032696315,-71.7416171370871,0.00041861788556,0.15156546553978,0,0
55.7,74.6507101428652,61.0636971118217,-71.7416087031481,0.007065491573925,0.171704614694116,1,0
55.8,74.8441694607626,61.0935307781545,-71.7428487458843,0.012509665810595,0.190217282837938,0,0
55.9,75.0361926396026,61.1269313854112,-71.7453101338287,0.018303650090929,0.210510720488965,0,0
56,75.2282924010237,61.1642594498921,-71.7489518581189,0.024631754047,0.232832702429,1,0
56.1,75.4199443859631,61.2055673965181,-71.753688656869,0.028627622325715,0.252663364829433,0,0
56.2,75.6109430616916,61.2509113757676,-71.7594612467856,0.034611091991903,0.27527599837132,1,0
56.3,75.8019712096288,61.3005577872523,-71.7663158052503,0.039551468650482,0.296753347144251,0,0
56.4,75.9923248683592,61.3544480330804,-71.7742197746108,0.044557530913112,0.319237841659709,0,0
56.5,76.1803290981585,61.4121121554673,-71.7830788722934,0.049852109851523,0.342260558391313,1,0
56.6,76.3671524417726,61.4740738878799,-71.7929431684562,0.054491452990153,0.36467283650916,0,0
56.7,76.551783911714,61.5399510314474,-71.8037738250615,0.06034805872994,0.388250829803181,0,0
56.8,76.7345571295044,61.6099507932626,-71.815627730326,0.065757688128114,0.411149455337231,0,0
56.9,76.9147836696775,61.6837905858137,-71.8285645013079,0.072881821399957,0.434578319205808,0,0
57,77.09273530582,61.7616052911752,-71.8427406644622,0.080194741980528,0.457828118868053,0,0
57.1,77.2682374611251,61.8432832016238,-71.8582497299344,0.088338328251418,0.481179526327773,0,0
57.2,77.442462372083,61.9294478766244,-71.8753774748644,0.097814461195875,0.504954785614335,0,0
57.3,77.6153810170424,62.0201658005497,-71.8943984097519,0.110229977579361,0.528595208112995,0,0
57.4,77.7868302429057,62.1153623357378,-71.9157844430876,0.125288023836152,0.551924265705907,0,0
57.5,77.9552535877588,62.2141598468083,-71.9398302738697,0.141125791889059,0.574032561319157,0,0
57.6,78.1205260644559,62.3163286015803,-71.9667733283299,0.158199883494332,0.596087960265827,0,0
57.7,78.2829728809843,62.4219438045047,-71.9968605783308,0.174923206383869,0.615471927069052,0,0
57.8,78.4426067041119,62.5306271305646,-72.0300826547861,0.19060325336706,0.633152533691981,0,0
57.9,78.5984256983889,62.6411632722922,-72.0659645930465,0.204735498230547,0.650082158926216,0,0
58,78.7500292671337,62.7529102318321,-72.1041309600535,0.218460708831314,0.6656350627993,0,0
58.1,78.8993760664027,62.8670139539495,-72.1448420794665,0.229866832944438,0.680268349858451,0,0
58.2,79.0460300755695,62.9828529375279,-72.187637678473,0.241128241040381,0.694704839284459,0,0
58.3,79.190646237029,63.1007973442276,-72.2325495858305,0.251653673471729,0.709275780706308,0,0
58.4,79.3325809639065,63.2202492196126,-72.2792373789212,0.261792004147693,0.723548442763358,0,0
58.5,79.471953995658,63.3412853350649,-72.327647062099,0.271466211029839,0.737273480377685,0,0
58.6,79.6097543649965,63.4646452504337,-72.3780078379995,0.279921002948079,0.750768573247951,0,0
58.7,79.7471075399439,63.5912673854206,-72.4305201902902,0.286555714817078,0.765209732086045,0,0
58.8,79.8841615160847,63.721443368958,-72.4850468207445,0.291941470510821,0.7827144771562,0,0
58.9,80.0201232196792,63.854986569762,-72.541050093139,0.293891576236768,0.80262605821997,0,0
59,80.1531755767977,63.990788172694,-72.5974310437619,0.294968443890461,0.824085544948144,0,0
59.1,80.2846414691049,64.1308359609189,-72.6546800103671,0.295881526838585,0.847876737810677,0,0
59.2,80.4143872567635,64.2756299471072,-72.7127824547029,0.296546652866543,0.873106435659673,0,0
59.3,80.5409630326988,64.4242371329066,-72.771214941197,0.297453539329784,0.897869530333554,0,0
59.4,80.6648447741731,64.5775203717213,-72.8303322338979,0.298726948320512,0.919969642507244,0,0
59.5,80.786197166393,64.7353406783744,-72.8902578997944,0.300438574743028,0.938908745895924,0,0
59.6,80.9051073917086,64.8971163215381,-72.9509561202637,0.301377059129126,0.957531198876493,0,0
59.7,81.0217716040993,65.0627325683721,-73.012346410786,0.301566775231714,0.976934121113651,0,0
59.8,81.1363770145743,65.23252339897,-73.0744946468136,0.302660478647824,0.995398534184331,0,0
59.9,81.2489174392532,65.4065229345316,-73.1375291722927,0.303980107677856,1.01211045257674,0,0
60,81.359608201378,65.5847386470485,-73.2015668396185,0.304756700834057,1.02688350852469,0,0
60.1,81.4682161931523,65.7662610680333,-73.2662422665692,0.304203177207189,1.04105575443752,0,0
60.2,81.574366508605,65.9499811885537,-73.3310149267377,0.302873823384109,1.05532935463128,0,0
60.3,81.6784721654804,66.1365512031757,-73.395981704292,0.301948503267229,1.069606110108,0,0
60.4,81.7802664305235,66.3254853968887,-73.4610018618816,0.301285588003207,1.08271313713101,0,0
60.5,81.8798320674434,66.5167086821429,-73.5261134088387,0.300291969552387,1.09463165168262,0,0
60.6,81.9776584098445,66.7106870903846,-73.5914917882372,0.299485721433864,1.10523203040562,0,0
60.7,82.0732162682254,66.9058224504137,-73.6566974988734,0.299457572576504,1.11514784048303,0,0
60.8,82.1669449563366,67.1024964703232,-73.7219984381347,0.298915697037619,1.12524574525841,0,0
60.9,82.2585878092256,67.2999918871936,-73.787171119015,0.299027020094907,1.13550260618143,0,0
61,82.3482385074756,67.4986031021743,-73.8523765482781,0.298812934028223,1.14464878167378,0,0
61.1,82.4358571353413,67.6976938411332,-73.9174329613909,0.298590218808095,1.15280635935773,0,0
61.2,82.5213302099468,67.896659433988,-73.9821543353653,0.297978165808104,1.1581639152076,0,0
61.3,82.6053568277493,68.0959839615214,-74.046740359664,0.297704318885888,1.16369699528088,0,0
61.4,82.6884892305899,68.2962286658288,-74.111442272104,0.297594609361142,1.1700454264171,0,0
61.5,82.77018650863,68.4962276295673,-74.1759528615461,0.298208336742523,1.17573453937748,0,0
61.6,82.850234098792,68.6953056109554,-74.2401321707808,0.297848566670496,1.18270563813267,0,0
61.7,82.9289093131271,68.8943407997224,-74.3041279304454,0.296723745601216,1.18830859416502,0,0
61.8,83.0059349338599,69.0924406215094,-74.3675593988564,0.296106167844044,1.19267457790718,0,0
61.9,83.0814042011481,69.2890745634056,-74.4303596987136,0.295956930442301,1.19764438268388,0,0
62,83.1547440222071,69.4826291816138,-74.4921140054651,0.296980531085474,1.20291293979598,0,0
62.1,83.2257371575501,69.6725256097816,-74.5528241969207,0.298459723401102,1.20672945972272,0,0
62.2,83.2945384027008,69.8587871055747,-74.6126226261146,0.300110726189587,1.20859297193709,0,0
62.3,83.3615860977146,70.0415212523986,-74.671699871749,0.303011471801356,1.21015964958493,0,0
62.4,83.4273340730034,70.2211999148244,-74.7303832993237,0.305868401272925,1.21403442558329,0,0
62.5,83.4912349017334,70.3967495813553,-74.7883507627184,0.308937004165345,1.2200451415278,0,0
62.6,83.5534238728741,70.5694103955591,-74.8459705249453,0.311069527548005,1.22823567862037,0,0
62.7,83.6144780568048,70.7417359516964,-74.9039985054518,0.314049277359926,1.23723264671688,0,0
62.8,83.6743781630509,70.9143537004119,-74.9627772249547,0.320079127300652,1.24498390396591,0,0
62.9,83.7317981607991,71.0836133557442,-75.0214753401218,0.328559931580383,1.247680899874,0,0
63,83.7872624131707,71.2493275486598,-75.0804887698443,0.338376967056732,1.2452901951183,0,0
63.1,83.8424558648684,71.414024571575,-75.1410348300057,0.347400615402749,1.23818880546495,0,0
63.2,83.8985292672136,71.5784108071961,-75.2034625620904,0.35570273509925,1.2295891979369,0,0
63.3,83.9555046559321,71.7409311849544,-75.2671654009434,0.364196200761687,1.21964673920311,0,0
63.4,84.0137264397304,71.9015831942311,-75.3321439292811,0.371903498103671,1.2127414623753,0,0
63.5,84.0737625049851,72.0621800613136,-75.399005490777,0.378112584834211,1.2109260550195,0,0
63.6,84.1355730492152,72.2242714304055,-75.4680440631973,0.380696846760233,1.21537152503414,0,0
63.7,84.1983265468742,72.3882935571146,-75.5386771507799,0.378597628410871,1.22259876469968,0,0
63.8,84.2611810376945,72.5542058796423,-75.6099561948406,0.372195407592147,1.23436334324406,0,0
63.9,84.3240784809709,72.7240883215426,-75.6817168906552,0.36195873764673,1.24943827108287,0,0
64,84.3862307501652,72.8981873595321,-75.7532156546136,0.351802237652288,1.26704327794618,0,0
64.1,84.4469817828154,73.0767002385569,-75.8241416069297,0.341658938096188,1.28653414849168,0,0
64.2,84.505569142664,73.2592208376204,-75.8942265168344,0.33361686329743,1.3012520712918,0,0
64.3,84.5619632911174,73.4451654461649,-75.9635516213878,0.327560414745246,1.30772926513574,0,0
64.4,84.6174980492345,73.6356121772173,-76.0329674004928,0.323353544131672,1.3042847093265,0,0
64.5,84.6736775978307,73.8295638785798,-76.1025765714136,0.319437040074321,1.29739437818059,0,0
64.6,84.7313339426745,74.0258091282451,-76.1721938666362,0.31578524605016,1.28798783313909,0,0
64.7,84.7911741351069,74.2238662663715,-76.241857162306,0.313878992192159,1.27478227556092,0,0
64.8,84.8536841954458,74.4227640017653,-76.3115343377803,0.312346322417845,1.26018022816082,0,0
64.9,84.9190874964536,74.6215014643916,-76.3811025790946,0.311679756291088,1.24510711347917,0,0
65,84.9873416261218,74.8189077359771,-76.4503720401207,0.310929968764125,1.23356212012022,0,0
65.1,85.0582962358982,75.015569519361,-76.519561577853,0.3105378770093,1.22425002749966,0,0
65.2,85.1312733722451,75.2108691847772,-76.5884301252447,0.309346076580622,1.21816138151104,0,0
65.3,85.2057941972531,75.4053831205244,-76.6570494321006,0.308564056407158,1.21269736574151,0,0
65.4,85.2818483114042,75.6001409653297,-76.7257399243756,0.308241652651653,1.20848650842621,0,0
65.5,85.3585460474208,75.7935049210642,-76.7939993343129,0.308269622088671,1.20753348401334,0,0
65.6,85.4357042355572,75.9863977533252,-76.8621045751868,0.30806767863242,1.20788613958949,0,0
65.7,85.5129035099866,76.1790500000458,-76.9301244064084,0.308639391879226,1.21095673340242,0,0
65.8,85.5896479403929,76.371432526845,-76.998015579129,0.308146184857143,1.2160772816299,0,0
65.9,85.6651816542425,76.5629417733089,-77.0654327356825,0.308441854046206,1.22349201420538,0,0
66,85.7390680714206,76.7538029512177,-77.1325026120198,0.309993788782096,1.22993505375544,0,0
66.1,85.8113121977565,76.9443036394673,-77.1994949967883,0.31188670129147,1.23878234030024,0,0
66.2,85.8814540605603,77.1338255102747,-77.2662800921598,0.313936728902987,1.24966945250055,0,0
66.3,85.9490970426682,77.3223782744143,-77.3328598473688,0.315621820571593,1.26440476854286,0,0
66.4,86.0137053827459,77.5101818187233,-77.399209646675,0.317546089780944,1.27922411237301,0,0
66.5,86.0747866721484,77.6967493487364,-77.4651796468341,0.320369170240882,1.29039132736937,0,0
66.6,86.1329124045079,77.8827013648471,-77.5311664231859,0.324000047560486,1.30217706304861,0,0
66.7,86.1880868672574,78.0671433816056,-77.5970050367639,0.327733527133273,1.31511533840093,0,0
66.8,86.240460772401,78.2512394065422,-77.663243808719,0.333376168581325,1.32555988029576,0,0
66.9,86.2899650508114,78.4338366633936,-77.7297019612033,0.339023745534723,1.33204543694148,0,0
67,86.336933322228,78.6138208146689,-77.7961190145048,0.345498546801079,1.33681080486181,0,0
67.1,86.3817307609947,78.7905730483064,-77.8624919012164,0.353951365015295,1.33758259452401,0,0
67.2,86.4251711996728,78.9651433031868,-77.9295011060874,0.362708937089219,1.33396262620853,0,0
67.3,86.4679160379999,79.1372467878366,-77.9971991279482,0.372035976098233,1.32698640364224,0,0
67.4,86.5101983297121,79.3051739878825,-78.0650479041696,0.382107064084781,1.31567976358839,0,0
67.5,86.5526598274518,79.4689067130756,-78.1331637415786,0.392450129064497,1.29940658043375,0,0
67.6,86.59642990191,79.6296808194008,-78.2021537688586,0.402649390993369,1.28406791948723,0,0
67.7,86.6416633643583,79.7871520600283,-78.2718778230353,0.412960804307861,1.26766879838449,0,0
67.8,86.6891508994749,79.9437705683653,-78.3434145000473,0.42234633371521,1.25286736987427,0,0
67.9,86.73947110471,80.1013581903754,-78.4175241808426,0.430444450779708,1.24134903574739,0,0
68,86.7926403873385,80.2608998165313,-78.494393956994,0.434688429021199,1.23352803453769,0,0
68.1,86.8479477518188,80.4217665579896,-78.5731395118741,0.437209545760339,1.23118118001667,0,0
68.2,86.9045368993838,80.5837188826874,-78.6531336012351,0.438115355701294,1.23199181384977,0,0
68.3,86.9615554001487,80.7463064138038,-78.7337138847384,0.437828106328134,1.23620108942264,0,0
68.4,87.0180229044251,80.9084099990807,-78.8139903805974,0.437751994563445,1.24292674867867,0,0
68.5,87.0731583505603,81.0695516285141,-78.8936500136206,0.439163208921962,1.24838440185726,0,0
68.6,87.1274729337662,81.2314934370757,-78.9737126061758,0.44079250052016,1.25147511673105,0,0
68.7,87.1810882475616,81.3938898179111,-79.0540793541008,0.4413662332424,1.25603305172691,0,0
68.8,87.2338614065628,81.5561636010468,-79.1343885734044,0.442168563474289,1.26031825555517,0,0
68.9,87.2857663109723,81.7183987790176,-79.2146668309704,0.442453592686181,1.26533546890387,0,0
69,87.3369050410365,81.8810587157348,-79.2950929180995,0.443300768015104,1.26757778033745,0,0
69.1,87.3873356865136,82.0436548921002,-79.3755166474812,0.444012537168654,1.2689510577995,0,0
69.2,87.4376428738042,82.2071203839812,-79.4564300105329,0.444240538560161,1.27135031993381,0,0
69.3,87.487607932756,82.3708542199386,-79.5374774289597,0.444671077452623,1.27192581952967,0,0
69.4,87.5370537008211,82.5336863033894,-79.6181426849847,0.446146473904636,1.2730866481168,0,0
69.5,87.5861794963558,82.6961445052966,-79.6988218984928,0.447578215494122,1.27406098556844,0,0
69.6,87.6348912948096,82.8578992557588,-79.7793776753544,0.448738592601129,1.27406172662375,0,0
69.7,87.6835287944774,83.0196732799047,-79.8602074827278,0.450848720273875,1.27224200506245,0,0
69.8,87.7319766802528,83.1802671295672,-79.9408617713241,0.453420432259698,1.26954107260937,0,0
69.9,87.7803200113594,83.3393752004647,-80.0213007617464,0.455827867172204,1.26575025157443,0,0
70,87.8288406974117,83.4971873210575,-80.1016679983306,0.458795735874031,1.26148649983298,0,0
70.1,87.8777084581707,83.6538684465824,-80.1821407084129,0.461956272543339,1.25794327398776,0,0
70.2,87.9274205658136,83.8110119810465,-80.2635910863702,0.464788719838469,1.25300326096529,0,0
70.3,87.9777246836476,83.9675392667752,-80.3454713715315,0.468058339753744,1.24720143236976,0,0
70.4,88.0286484985365,84.1230506586282,-80.4276043123831,0.470618445177026,1.24324303094657,0,0
70.5,88.0803172334007,84.2781767617884,-80.5102418814816,0.472890825777524,1.23900327225991,0,0
70.6,88.1328624950621,84.4335434863531,-80.5936319117838,0.474335953169415,1.23530424550329,0,0
70.7,88.1861369176342,84.5888257520788,-80.6774635754621,0.475488157135888,1.23202089861786,0,0
70.8,88.2400914898907,84.7440985616385,-80.7616842225384,0.475918288856428,1.2302694125368,0,0
70.9,88.2947028363046,84.8997574154633,-80.8463211900085,0.474649724325283,1.22807201776905,0,0
71,88.3502734525515,85.0568540825112,-80.9316833548931,0.472764670570718,1.22619923409985,0,0
71.1,88.4065117133317,85.2146746277165,-81.0172103658866,0.470802752001246,1.22549804554431,0,0
71.2,88.4636549875243,85.3742173743305,-81.1033477314415,0.468289643269996,1.22657350542834,0,0
71.3,88.5209251496848,85.5339694650154,-81.1891234026133,0.46546782330669,1.22696288565491,0,0
71.4,88.5784643380314,85.6946841149037,-81.2748536777681,0.462801167231273,1.22726054006429,0,0
71.5,88.6362926014214,85.8562453339386,-81.3604914564198,0.460058619427274,1.22870535493645,0,0
71.6,88.6943990027794,86.0190597188459,-81.4461724802666,0.457115231466368,1.22961994890389,0,0
71.7,88.7520906310186,86.181188646481,-81.5308959329424,0.455185055329461,1.23223983532531,0,0
71.8,88.8092108178611,86.3426898721929,-81.6148271651599,0.455015064232045,1.23349921280378,0,0
71.9,88.8655967179269,86.5030638860629,-81.6980393860218,0.45675971054708,1.2341437879939,0,0
72,88.9213244569904,86.6622688400462,-81.7808100837548,0.458580346604284,1.23446646292245,0,0
72.1,88.976586468986,86.8205225768411,-81.8634045443054,0.460732228472043,1.23524153885749,0,0
72.2,89.0317460196946,86.978857028991,-81.9464301217536,0.462886361494916,1.23903872593572,0,0
72.3,89.0863419030967,87.1368653654835,-82.0296876623621,0.466420513094755,1.24366196220266,0,0
72.4,89.140192235168,87.2947199373531,-82.1134046423904,0.470093025894313,1.25162894856609,0,0
72.5,89.1930475748487,87.4530216345485,-82.1978643668413,0.472892891822878,1.26061181732455,0,0
72.6,89.2448809206876,87.6126725440247,-82.2834720573093,0.476635202514278,1.2700806313481,0,0
72.7,89.295551977172,87.7738277448297,-82.3703520864266,0.479785806072564,1.28297957714414,0,0
72.8,89.3448515551969,87.9371641971708,-82.4587658071804,0.482202844845324,1.29563770359263,0,0
72.9,89.3924350050243,88.1024773078036,-82.5484673291022,0.483999749151535,1.30885836904113,0,0
73,89.4383905207291,88.2704978546056,-82.6396691015208,0.483662444546946,1.32293981832601,0,0
73.1,89.4823141508261,88.4405903794415,-82.7316679485353,0.482216582126912,1.33594472893066,0,0
